ID;longitude;latitude;
1;95.85458374;17.49751091;
2;98.13385773;22.03619957;
3;99.28331757;20.38167953;
4;98.13385773;22.03619957;
5;98.40000153;22.48333359;
6;97.60248566;23.71450424;
7;96.36873627;24.76786041;
8;96.53874207;23.64952087;
9;96.57833862;25.70396233;
10;96.34822845;25.62073708;
11;97.73442841;23.98334885;
12;97.69360352;23.84964943;
13;97.94341278;23.45920944;
14;97.74629211;23.86095428;
15;96.44761658;24.76654625;
16;97.90472412;23.97916794;
17;98.2468338;24.04632378;
18;97.65901184;23.86497688;
19;97.68167114;23.83600998;
20;97.18333435;20.78333282;
21;98.13385773;22.03619957;
22;97.17034912;22.96895981;
23;97.74622345;22.94271088;
24;96.77099609;18.32813644;
25;97.19509888;23.3746376;
26;97.37761688;23.54200363;
27;98.05448151;24.06186295;
28;97.17034912;22.96895981;
29;98.05615234;22.63326073;
30;98.02187347;24.03526115;
31;98.20017242;24.07733917;
32;97.61601257;23.47481728;
33;97.15287018;23.02168083;
34;98.13683319;23.49024582;
35;97.94113922;23.96201515;
36;97.46632385;23.93714905;
37;97.87788391;23.47631264;
38;97.78904724;21.9412117;
39;97.75952148;23.50252533;
40;97.72793579;23.58184242;
41;98.09692383;22.53193855;
42;97.6991806;23.84007263;
43;98.06331635;24.05884361;
44;93.14912415;20.22225189;
45;94.36183167;18.4627533;
46;96.80405426;22.37634659;
47;98.43097687;21.90808868;
48;98.39723969;21.90597725;
49;99.51888275;11.85281563;
50;96.07273102;21.97046661;
51;98.10765076;24.0542984;
52;97.37482452;22.92637825;
53;97.12094116;23.25021553;
54;96.94005585;22.58145905;
55;97.8714447;23.48898697;
56;97.78973389;23.50252533;
57;98.26274872;24.04614639;
58;96.98549652;22.77669334;
59;97.65910339;16.88824654;
60;97.41207886;18.34955215;
61;98.27553558;26.1830883;
62;98.15640259;25.94129562;
63;98.36276245;20.30536652;
64;97.61772919;23.80128479;
65;95.5173645;23.1920433;
66;96.96781921;22.62311935;
67;98.28720856;25.93975067;
68;97.60356903;27.30665207;
69;97.62373352;27.30093193;
70;97.53361511;27.49509621;
71;96.93177032;22.67341995;
72;98.21511078;24.07741737;
73;;;
74;97.19647217;22.53689384;
75;97.31559753;24.17849541;
76;97.77426147;23.59568596;
77;97.94989777;17.23041153;
78;96.98260498;22.70077896;
79;97.81445313;23.66110992;
80;97.38392639;23.02689362;
81;97.28710938;23.17215919;
82;97.76115417;20.2035656;
83;97.90509033;23.97017288;
84;97.33843231;23.15874481;
85;97.39697266;23.11912346;
86;97.93804932;23.46221924;
87;94.36595154;18.45685005;
88;94.37023926;18.45446205;
89;97.21466827;23.0103035;
90;98.01133728;19.77647018;
91;95.17773438;17.09641266;
92;98.37050629;21.28465271;
93;97.18166351;23.02306175;
94;98.43051147;21.28641129;
95;96.43933105;18.93543053;
96;98.43051147;21.30688477;
97;96.12078857;16.89024544;
98;96.19986725;16.78946495;
99;96.15857697;16.77911949;
100;97.88037109;23.46349144;
101;95.96417236;21.87989426;
102;95.96325684;21.87150955;
103;97.68536377;23.81784058;
104;97.68353271;23.82609749;
105;97.29737854;24.11559486;
106;97.93351746;23.44788933;
107;97.30115509;24.11521339;
108;97.98062134;19.7598381;
109;97.93626404;23.44788933;
110;96.63438416;23.4756031;
111;97.02893066;22.54298592;
112;93.12929535;20.21015739;
113;97.91607666;23.4445858;
114;97.29946899;24.11584473;
115;97.96551514;23.44710541;
116;97.91607666;23.44710541;
117;97.94354248;23.44912148;
118;97.94628906;23.44786263;
119;97.30221558;24.11615944;
120;97.16969299;22.96406746;
121;97.1607666;22.96501732;
122;97.30152893;24.11615944;
123;97.14222717;23.59354973;
124;97.29397583;24.11678505;
125;97.30015564;24.11615944;
126;97.96002197;23.44836426;
127;94.30500793;24.21138382;
128;97.30702209;24.11615944;
129;97.92431641;23.4445858;
130;97.68261719;23.83024788;
131;97.30168152;24.11684418;
132;97.38667297;20.92953682;
133;97.39353943;20.92307472;
134;97.30358887;24.11678505;
135;97.96551514;23.44710541;
136;97.94903564;23.4445858;
137;97.15390015;22.96444893;
138;97.86595154;23.55742645;
139;97.89959717;23.55037689;
140;97.92706299;23.4780941;
141;97.40032196;23.09576035;
142;97.902771;23.97867775;
143;97.89719391;23.97720337;
144;98.65216064;23.4229126;
145;97.01931763;22.54805946;
146;97.95452881;23.4445858;
147;97.01794434;22.56835175;
148;97.52468872;21.6022644;
149;97.30350494;24.11549377;
150;97.29946899;24.11615944;
151;97.96276855;23.44710541;
152;97.72553253;20.88984871;
153;97.0234375;22.56835175;
154;97.07836914;22.57595825;
155;97.68261719;23.82051086;
156;97.30152893;24.11615944;
157;97.07287598;22.5632782;
158;97.45739746;18.09362984;
159;97.07836914;22.56835175;
160;96.71582031;25.51665115;
161;92.36763763;20.81579971;
162;97.01622772;22.53543854;
163;96.13122559;17.04192924;
164;97.15252686;22.96419525;
165;97.3056488;24.11553192;
166;97.29260254;24.11553192;
167;97.35302734;24.24669838;
168;97.34066772;24.24860954;
169;96.80096436;22.33126068;
170;96.63891602;22.79110718;
171;96.68835449;23.10902405;
172;97.30702209;24.11553192;
173;97.16386414;22.96477127;
174;97.09175873;23.20353317;
175;96.82292938;22.32871628;
176;97.31868744;24.11440086;
177;97.15527344;23.17165947;
178;97.17415619;22.96490669;
179;97.92980194;25.22629166;
180;97.90783691;25.25461769;
181;97.05776978;23.20637321;
182;97.94628906;23.4445858;
183;97.14840698;22.96318245;
184;98.88699341;20.28897667;
185;97.6496582;23.81699371;
186;97.9407959;23.44206619;
187;97.92980957;23.44786263;
188;96.69934082;23.14539528;
189;96.81744385;22.32744789;
190;;;
191;92.36240387;20.84741974;
192;98.39123535;22.47599602;
193;97.74441528;21.97384834;
194;97.62356567;22.02478027;
195;97.4354248;25.25610352;
196;97.03167725;22.53308868;
197;97.8336792;23.67243004;
198;98.92407227;20.28819847;
199;96.76937866;18.32543755;
200;96.76731873;18.32413292;
201;92.90356445;20.13741875;
202;93.65612793;23.38409233;
203;97.71832275;20.89497757;
204;97.93255615;23.45088005;
205;97.59026337;23.91243744;
206;96.21525574;17.09345627;
207;98.36651611;20.31395912;
208;97.92980957;23.4848938;
209;97.30908203;24.11063957;
210;97.31182861;24.11440086;
211;97.34753418;24.24344063;
212;97.34753418;24.24344063;
213;95.54577637;18.41862297;
214;97.70458984;23.80191231;
215;97.17724609;23.00667;
216;97.68261719;23.82703972;
217;97.34753418;24.24844742;
218;97.67712402;23.84211349;
219;97.67712402;23.83708954;
220;97.68261719;23.84211349;
221;97.68261719;23.8295517;
222;97.02069092;22.53435707;
223;94.29882813;24.22465515;
224;92.37141418;20.8134861;
225;97.82269287;23.68076134;
226;97.34753418;23.91180992;
227;99.59423828;21.28321266;
228;97.70870972;23.85279083;
229;98.65078735;23.41591644;
230;97.30358887;24.11690712;
231;97.55627441;23.81321907;
232;97.89685059;23.95762253;
233;97.31732178;24.11440086;
234;97.30908203;24.11440086;
235;97.96826172;23.49496841;
236;97.15802002;22.96558189;
237;97.28436279;24.11941338;
238;97.31732178;24.11941338;
239;97.16351318;22.96305275;
240;97.92156982;23.45088005;
241;97.67437744;23.83080864;
242;92.35836792;20.81653404;
243;97.94491577;23.44354439;
244;97.97650146;23.29731178;
245;97.40795898;23.09007263;
246;97.75952148;22.92195129;
247;92.37072754;20.81155968;
248;97.68261719;23.83080864;
249;97.89135742;23.9783287;
250;97.03442383;22.5318203;
251;92.37072754;20.81669426;
252;97.65515137;23.82703972;
253;97.1607666;22.96242142;
254;97.03536224;22.53261375;
255;97.66707611;23.82896233;
256;97.93067932;23.44729042;
257;97.17811584;20.79262352;
258;97.9801178;23.47891045;
259;97.39784241;23.09038734;
260;97.1231842;23.25703621;
261;98.37013245;21.90792847;
262;98.35914612;21.90792847;
263;97.12867737;23.24694252;
264;97.93617249;23.45371628;
265;97.95265198;23.45371628;
266;96.68922424;23.10554695;
267;99.00184631;12.08019447;
268;97.94166565;23.44867516;
269;97.3017807;24.11142349;
270;97.32649994;24.11392975;
271;97.68348694;23.82609749;
272;96.69471741;23.14090919;
273;97.39392853;23.92187309;
274;97.03810883;22.53768539;
275;97.16723633;22.96281624;
276;97.367836;23.93317032;
277;97.70458984;23.82201576;
278;97.01338959;22.53514862;
279;97.95417786;23.45371628;
280;97.8921814;23.94318962;
281;97.05461121;22.53514862;
282;97.00517273;22.5275383;
283;97.8188858;21.9288311;
284;96.08959961;21.97257423;
285;96.05664063;21.96748161;
286;96.10058594;21.97257423;
287;97.04541016;22.55464935;
288;96.07861328;21.95729256;
289;94.34277344;18.46584892;
290;98.37887573;24.10123825;
291;98.4221344;24.11690712;
292;97.68811035;23.83708954;
293;97.68261719;23.83708954;
294;96.49609375;22.91942215;
295;97.68261719;23.82703972;
296;97.68536377;23.83206558;
297;97.81994629;21.92894936;
298;97.82097626;21.9283123;
299;97.68261719;23.8295517;
300;97.03991699;22.54196739;
301;97.68261719;23.8295517;
302;96.63273621;20.65872383;
303;95.09465027;21.9840374;
304;97.69360352;23.8295517;
305;96.67736816;23.10902023;
306;97.29740906;24.11816025;
307;96.671875;23.10396767;
308;96.52081299;24.98753357;
309;97.92980957;23.4496212;
310;97.68261719;23.8295517;
311;97.03991699;22.54196739;
312;97.92980957;23.44710159;
313;92.89257813;20.14257622;
314;97.92980957;23.44710159;
315;98.32119751;24.09622383;
316;96.3203125;25.60584641;
317;96.3203125;25.61575317;
318;96.671875;23.0989151;
319;95.98934937;22.54577255;
320;97.03991699;22.54196739;
321;97.68261719;23.8295517;
322;97.81363678;21.94351959;
323;96.97399902;22.57113647;
324;97.86663818;23.47229767;
325;96.98979187;22.60220146;
326;97.31166077;23.10155869;
327;97.32152557;23.10333633;
328;98.28759766;20.39354515;
329;97.77677155;20.21000862;
330;98.37483978;23.90129471;
331;97.13184357;22.99632072;
332;96.9163208;23.29645729;
333;97.46220398;18.09649658;
334;92.80194092;20.23151207;
335;97.68227386;23.8264122;
336;98.51071167;16.69267845;
337;95.10005951;21.33546829;
338;97.69532013;23.83363533;
339;98.73043823;20.95013428;
340;97.03983307;22.53237534;
341;97.71660614;16.36453056;
342;98.48942566;16.68647003;
343;96.81504059;18.36877823;
344;97.03012848;22.54894257;
345;97.71488953;16.36098862;
346;98.06473541;16.59004784;
347;97.70458984;23.83991623;
348;98.23124695;23.63154793;
349;98.30368805;16.57458115;
350;98.36535645;16.68435287;
351;96.80310822;18.37028503;
352;97.82775879;21.92588425;
353;97.80432129;21.93356705;
354;97.03305054;20.78740883;
355;97.9679184;22.01809692;
356;97.05914307;22.5116806;
357;98.3074646;22.55782127;
358;96.77114105;20.12736511;
359;97.95006561;23.99840355;
360;97.93049622;23.99558067;
361;97.92946625;24.00687218;
362;97.39337158;23.09686279;
363;98.24463654;16.5515976;
364;98.2999115;16.67458916;
365;98.05821228;24.06738663;
366;98.31295776;23.70512772;
367;98.29373169;23.72524452;
368;97.68811035;23.81133652;
369;97.67334747;23.80850983;
370;97.7265625;17.34563637;
371;97.14858246;22.97016525;
372;97.69738007;23.8138485;
373;97.67214966;23.8231144;
374;97.73377228;23.86063957;
375;97.68656158;23.8264904;
376;98.11795044;23.5890789;
377;97.14325714;22.96668816;
378;97.12017059;23.25157547;
379;97.0353241;22.55365944;
380;97.92259979;23.45977974;
381;97.30728149;24.124897;
382;96.73264313;26.36564636;
383;97.30187225;24.12223434;
384;97.56245422;24.75968933;
385;96.52201843;24.99749184;
386;97.01502228;25.38225937;
387;97.56348419;24.76054573;
388;97.12017059;23.25198936;
389;97.40274811;23.09299278;
390;97.16003418;22.96660805;
391;97.16239929;22.96305275;
392;97.15366364;22.96712303;
393;97.67459106;23.83069038;
394;97.02039337;22.54715919;
395;97.15535736;22.96763611;
396;98.0952301;23.58154678;
397;97.12109375;23.25250244;
398;98.20283508;14.247118;
399;97.93582153;23.46190453;
400;97.8714447;23.57523346;
401;97.93521881;23.46261215;
402;97.02682495;22.53744888;
403;98.36271667;20.31981468;
404;97.53240967;24.73708344;
405;95.11070251;22.10106468;
406;98.35819244;20.31717873;
407;98.00460815;20.35114288;
408;96.71427155;25.54545784;
409;97.03185272;22.5405407;
410;97.04124451;22.53501129;
411;96.79692841;22.33094025;
412;97.93479156;23.45733833;
413;97.4037323;23.09101868;
414;97.94954681;23.53306198;
415;98.04619598;23.54659653;
416;96.32189941;25.61366463;
417;96.32863617;25.6104908;
418;96.37151337;24.78821182;
419;96.35034943;25.65661049;
420;96.35276031;25.63757706;
421;96.35979462;25.64361191;
422;96.35258484;25.6764164;
423;96.3549881;25.65753937;
424;96.36116791;25.63881493;
425;96.67684937;23.11643982;
426;96.40854645;25.64105988;
427;96.51806641;25.62813568;
428;96.51463318;25.62689781;
429;97.68279266;23.82594109;
430;97.67626953;23.82264328;
431;97.68060303;23.82436943;
432;96.32073975;25.61343193;
433;97.39641571;23.0959549;
434;96.54227448;22.96510887;
435;96.6033783;22.98486328;
436;97.29740906;22.62581253;
437;98.59619904;23.72681618;
438;97.12186432;23.2527771;
439;98.7510376;23.70512772;
440;98.76236725;23.71392822;
441;98.79447174;23.72933006;
442;98.78004456;23.72587395;
443;97.97109222;23.30103111;
444;97.84226227;23.67368889;
445;98.73215485;23.54974365;
446;97.89736938;23.96389771;
447;98.69919586;23.64035416;
448;98.66726685;23.72147179;
449;98.72906494;23.70889854;
450;97.68991089;23.82594109;
451;98.69885254;23.74221611;
452;97.62940216;23.78746223;
453;97.96861267;23.29996681;
454;97.05721283;22.61478043;
455;98.67276001;23.70449829;
456;98.72563171;23.73530197;
457;98.63224792;23.74598694;
458;97.15244293;22.96882248;
459;97.67248535;23.81793213;
460;97.96122742;23.30812454;
461;98.76133728;23.61644936;
462;98.81764221;23.67934608;
463;98.70537567;23.73970222;
464;98.10353088;23.58152771;
465;98.09954071;23.5865612;
466;97.67429352;23.82217216;
467;98.73078156;23.68280602;
468;97.67292023;23.8202877;
469;97.67738342;23.82209206;
470;97.67266083;23.8231926;
471;97.67189026;23.8265686;
472;98.53912354;16.54034042;
473;98.42625427;16.67327309;
474;97.48774719;18.06961823;
475;97.66946411;23.8248806;
476;97.78767395;20.22507095;
477;98.68511963;23.73718643;
478;98.67550659;23.73970222;
479;97.93744659;23.45690536;
480;98.7043457;23.73970222;
481;96.39756012;24.84212303;
482;98.77455139;23.55383492;
483;97.12168884;23.25165367;
484;97.94200134;23.45765305;
485;98.71309662;23.69035149;
486;98.75653076;23.59065247;
487;98.25991058;16.65946007;
488;97.43452454;25.32222366;
489;97.68090057;23.82719612;
490;98.26970673;16.54512978;
491;98.73215485;23.70009613;
492;97.05442047;22.61206627;
493;97.93925476;23.46206284;
494;98.70674896;23.70952797;
495;98.77850342;23.61015701;
496;98.0163269;23.58750534;
497;98.60134888;23.80568123;
498;98.81317902;23.64790154;
499;98.59276581;23.80379677;
500;98.69061279;23.69255257;
501;98.60821533;23.78683472;
502;97.89547729;23.95417213;
503;98.73284149;23.74567223;
504;97.304039;24.11735725;
505;97.30641937;24.12340927;
506;97.89324951;23.95668221;
507;97.67540741;23.82107353;
508;97.3061676;24.11298943;
509;97.05268097;22.61202621;
510;97.94517517;23.46686554;
511;97.30570984;24.11142349;
512;97.67317963;23.82299614;
513;96.67168427;23.11162567;
514;97.05298615;22.6139679;
515;97.29003143;24.11526108;
516;97.15076447;22.9711132;
517;97.31573486;24.1158886;
518;97.3252182;24.12317467;
519;98.09647369;23.58001328;
520;98.09106445;23.57959938;
521;98.81008911;23.67274475;
522;98.09668732;23.583395;
523;98.10694122;23.57814407;
524;92.72284698;21.32959366;
525;98.81558228;23.64978981;
526;98.63293457;23.7956295;
527;96.56956482;23.03700447;
528;96.57162476;23.01867867;
529;96.41884613;24.83807182;
530;96.3972168;24.97010422;
531;96.8469696;25.257967;
532;97.01330566;22.55433273;
533;98.74485779;23.74535751;
534;98.01815033;23.51210785;
535;97.14128113;22.96652985;
536;98.79965973;23.70162964;
537;96.73487854;22.5086689;
538;98.78910065;23.71538162;
539;92.76348877;21.33311081;
540;98.64341736;23.87793732;
541;97.92740631;24.00216675;
542;98.65190125;23.79062271;
543;98.67928314;23.7478714;
544;98.70606232;23.75289917;
545;98.03743744;23.33145523;
546;98.25665283;23.39669609;
547;98.79875946;23.75415611;
548;98.79154968;23.63280487;
549;92.95094299;20.82696342;
550;97.67077637;23.81259155;
551;96.36151123;25.6272068;
552;93.02372742;20.87444878;
553;98.80150604;23.66802788;
554;98.80665588;23.63720894;
555;96.6945343;26.35057259;
556;96.5863266;19.01838303;
557;96.69891357;26.34241867;
558;92.96424866;20.84806061;
559;97.65454865;17.34539223;
560;96.34073639;25.63308907;
561;98.58418274;23.84964943;
562;98.63018799;23.85781479;
563;98.6137085;23.86535072;
564;96.37387085;25.70224953;
565;96.87760925;25.33075714;
566;97.85959625;23.93989563;
567;97.8407135;23.93330574;
568;97.83642578;23.92969704;
569;97.89174652;23.95574188;
570;97.94525909;23.46954155;
571;97.98645782;23.50976753;
572;97.93221283;23.46442413;
573;98.00740051;23.55226135;
574;98.00653839;23.46662903;
575;97.92785645;23.45373535;
576;97.96221161;23.30844116;
577;96.53746033;22.79509163;
578;97.00936127;22.53943062;
579;97.31290436;22.63207054;
580;98.72940826;23.75195885;
581;92.36975861;20.81817818;
582;97.8988266;23.95432854;
583;97.95238495;23.47985458;
584;97.30086517;24.12722778;
585;97.30461884;24.13633347;
586;97.30258179;24.12148857;
587;97.44667053;18.0721817;
588;97.73517609;22.93941689;
589;97.04794312;22.55718613;
590;97.98088074;23.3350811;
591;97.30435944;24.12164688;
592;98.68022919;23.8617382;
593;98.70846558;23.73121643;
594;98.67537689;23.90270615;
595;98.66966248;23.89964676;
596;97.98405457;23.52393341;
597;98.6554184;23.93722725;
598;98.70709229;23.71958733;
599;97.87110138;23.69695473;
600;97.3030777;24.12372208;
601;98.59654236;23.89485931;
602;97.30466461;24.11964989;
603;98.81300354;23.65387726;
604;97.40701294;23.09607124;
605;98.81008911;23.65261841;
606;98.8114624;23.64192581;
607;97.47662354;23.8358326;
608;98.82931519;23.64475632;
609;98.81008911;23.64003944;
610;97.42134857;23.84242821;
611;97.9981308;23.31600761;
612;98.6699295;23.95811462;
613;98.67031097;23.80547523;
614;98.66932678;23.87257195;
615;97.98062134;23.50882149;
616;97.01631165;22.55298615;
617;98.63980103;23.87853622;
618;98.82725525;23.63532066;
619;98.81558228;23.62525558;
620;97.98165131;23.51480484;
621;96.37112427;25.65986061;
622;98.31158447;24.09978867;
623;96.35765076;25.65645599;
624;98.31004333;24.0989666;
625;96.35816193;25.65684319;
626;97.1576767;22.96731949;
627;96.35404205;25.65084648;
628;98.83068848;23.63909531;
629;97.15632629;22.96890068;
630;97.15497589;22.96858406;
631;97.15463257;22.96953392;
632;97.02554321;22.54537582;
633;97.15270233;22.97182465;
634;97.12394714;23.25490761;
635;97.0233078;22.54577255;
636;96.35438538;25.65808105;
637;97.12579346;23.24978065;
638;97.12218475;23.2568779;
639;97.14463043;23.26586723;
640;98.63499451;23.85906982;
641;96.34867859;25.65730667;
642;97.93457031;23.4637146;
643;98.25974274;16.65748787;
644;98.26248932;16.65880394;
645;97.04068756;22.5515976;
646;98.26472473;16.66094017;
647;97.40379333;23.09678268;
648;98.26094055;16.65929604;
649;98.25210571;16.65403366;
650;98.25338745;16.65353966;
651;97.99718475;24.02854919;
652;96.37867737;25.66156197;
653;98.25504303;16.65524673;
654;98.25665283;16.65691185;
655;97.5772171;26.5387001;
656;96.64389038;25.56837845;
657;98.30145264;24.09575272;
658;98.32170868;16.69054031;
659;97.57713318;26.53846931;
660;98.07933044;24.06871986;
661;92.69894409;21.31775856;
662;98.3030014;16.63281631;
663;98.15288544;24.09340286;
664;97.57335663;26.5397377;
665;97.57249451;26.53893089;
666;98.35214233;21.92337608;
667;98.10232544;24.0868206;
668;98.12756348;24.09167862;
669;98.35385895;21.92317772;
670;97.57962036;26.55313492;
671;98.25478363;16.65549278;
672;98.35020447;21.92407227;
673;97.13072968;23.26894379;
674;97.98800659;23.3156929;
675;97.13171387;23.26391602;
676;97.04446411;22.55354118;
677;97.15167236;22.96953392;
678;97.15304565;22.97024345;
679;97.57378387;26.53102112;
680;98.43286133;21.30792427;
681;98.42874146;21.3121624;
682;97.15287018;22.96380424;
683;97.57704163;26.53562927;
684;97.57344055;26.53624344;
685;97.57962036;26.52242088;
686;97.45182037;20.80546188;
687;97.30161285;24.12097931;
688;97.32041168;24.11142349;
689;97.07029724;22.55908966;
690;98.11932373;23.6070118;
691;97.06085968;22.5567112;
692;98.03417969;23.54407883;
693;97.9936676;23.51952553;
694;98.32085419;24.10225677;
695;97.47559357;20.82102776;
696;98.32248688;24.10037613;
697;98.32763672;24.10194206;
698;97.30805206;24.11306763;
699;98.05142975;20.32579041;
700;98.13082123;21.09594727;
701;96.6789093;23.1237011;
702;98.3228302;24.09724236;
703;97.67987061;21.26273727;
704;98.32188416;24.09873009;
705;97.33139801;24.10938644;
706;97.30976868;24.11220551;
707;97.30221558;24.11134529;
708;97.96757507;23.50063515;
709;97.15596008;23.25735283;
710;97.05227661;22.59396172;
711;97.02824402;22.55893135;
712;97.30805206;24.10813141;
713;97.30015564;24.16765976;
714;96.68475342;23.11565018;
715;97.73325348;20.91357994;
716;97.72399139;20.91422081;
717;97.45113373;20.81882095;
718;97.31302643;24.11314583;
719;96.68028259;23.127491;
720;97.90543365;23.94977951;
721;97.11682129;22.97759247;
722;96.71925354;23.12922859;
723;98.9149704;20.29512405;
724;97.30161285;24.11471367;
725;97.04781342;22.56764984;
726;97.36264038;24.08995438;
727;97.14978027;22.96945381;
728;97.98062134;23.50882149;
729;98.29940033;21.2356987;
730;97.04781342;22.57874489;
731;98.29064178;16.66636658;
732;98.46264648;21.87129211;
733;96.32717896;25.65011215;
734;96.31790924;25.64980125;
735;98.47363281;21.84325218;
736;98.46058655;21.9025135;
737;98.28308868;16.60485268;
738;97.67746735;21.27073669;
739;97.07356262;22.53071022;
740;98.42694092;21.41239929;
741;97.58820343;20.92063332;
742;97.17724609;22.96842766;
743;97.15904999;22.97411537;
744;98.46127319;21.88658524;
745;96.68320465;23.13301659;
746;98.03349304;23.49874687;
747;98.46127319;21.90315056;
748;98.53474426;22.47663116;
749;98.56564331;22.454422;
750;98.54641724;22.42649651;
751;98.50796509;21.93309021;
752;98.48942566;21.88594818;
753;98.45028687;21.9318161;
754;97.99435425;23.47985458;
755;97.66682434;21.27809334;
756;97.71179962;21.06359291;
757;97.74024963;21.05610466;
758;93.65372467;23.38172722;
759;98.37612915;21.90044212;
760;98.50041199;21.89805412;
761;97.98199463;23.47922516;
762;98.2305603;21.30240631;
763;98.22369385;21.27297592;
764;98.04447937;23.53778267;
765;98.64323425;23.78180695;
766;98.48530579;21.89678001;
767;97.04644012;20.77882195;
768;98.06988525;23.52015495;
769;98.43689728;21.86332893;
770;98.43621063;21.8537674;
771;98.46676636;21.87702751;
772;98.08636475;23.52770996;
773;97.88818359;23.47816277;
774;97.84638214;23.49984932;
775;97.13643646;23.28735352;
776;97.06738281;22.62438774;
777;98.14404297;21.90888405;
778;97.14634705;23.29078293;
779;97.14291382;23.28447533;
780;98.13580322;21.91907692;
781;98.18146515;23.59183121;
782;96.39121246;24.77044487;
783;98.13442993;21.92035103;
784;98.36891937;21.89932823;
785;96.39344025;24.76919746;
786;96.6989975;23.125597;
787;96.38245392;24.76233864;
788;97.06600952;22.6193161;
789;97.115448;23.00034904;
790;97.13742065;23.00667;
791;98.79154968;23.68689346;
792;97.60159302;23.76672554;
793;97.65240479;23.75667191;
794;97.16213989;22.61487961;
795;97.19372559;23.2756443;
796;97.58374023;23.75667191;
797;96.98446655;22.60109138;
798;97.25140381;23.09196663;
799;96.97949219;22.58254814;
800;97.66442108;23.76735497;
801;97.74853516;20.93474388;
802;97.12918091;22.63072395;
803;97.13330078;23.2100296;
804;97.11750793;23.23337746;
805;97.12506104;23.22706795;
806;97.11613464;23.23463821;
807;97.50537872;23.61888695;
808;97.11132813;22.61297798;
809;97.81170654;23.40929985;
810;97.12231445;23.07617569;
811;97.12643433;22.57620811;
812;97.1607666;23.21949577;
813;97.64553833;23.78620529;
814;97.05502319;23.16332245;
815;97.13467407;23.22896004;
816;93.00793457;20.93346024;
817;97.14840698;23.29519653;
818;92.99969482;20.94885254;
819;98.21682739;16.57984734;
820;98.20687103;16.56767273;
821;97.04884338;22.60917473;
822;96.72865295;22.7356739;
823;96.81791687;22.75569916;
824;97.33469391;22.54755211;
825;96.77689362;22.75609589;
826;98.21709442;16.65607834;
827;97.23786163;23.4079895;
828;96.90666962;22.81497002;
829;96.77895355;22.91177368;
830;98.38336182;24.0219841;
831;97.16256714;22.63627052;
832;98.37413025;24.10977745;
833;92.57989502;20.87869835;
834;97.73754883;20.97321892;
835;97.15527344;23.39669609;
836;97.85427856;23.47103691;
837;96.95339966;22.6193161;
838;96.70071411;23.13301659;
839;96.97949219;23.2302227;
840;97.77256775;23.70072556;
841;97.25337982;25.45892715;
842;97.45480347;18.06638908;
843;97.22119141;23.17468452;
844;98.17726898;24.09576797;
845;96.99185181;22.5952282;
846;98.09508514;25.40825272;
847;98.10404968;23.99840355;
848;98.13915253;24.08543015;
849;98.19890594;24.06216049;
850;97.32693481;24.1203537;
851;97.14634705;23.25230408;
852;97.00764465;22.61994934;
853;97.4594574;24.86548615;
854;97.4745636;24.80691147;
855;97.45568085;24.84835243;
856;92.8348999;20.81797791;
857;97.42752838;24.81501389;
858;97.44366455;24.77449608;
859;98.07915497;24.05860901;
860;96.35438538;24.77893829;
861;97.1305542;23.29834938;
862;98.42395782;24.11317635;
863;98.38695526;23.90313721;
864;98.27381897;23.88198853;
865;97.64519501;23.76798248;
866;97.68536377;23.55289078;
867;97.75952148;23.37652969;
868;97.40589905;24.11126518;
869;96.34331512;25.68445969;
870;97.45040131;25.04067612;
871;96.3854599;25.72970009;
872;98.34076691;23.73152924;
873;98.31707764;16.55615425;
874;97.09484863;22.48234177;
875;97.51095581;24.11690712;
876;97.4354248;23.83708954;
877;96.63616943;25.58355331;
878;97.55078125;22.60790634;
879;97.3598938;23.77929306;
880;97.36126709;23.76672554;
881;98.32531738;24.10382271;
882;97.38598633;23.76169968;
883;98.32875061;23.96766281;
884;92.8740387;21.33630753;
885;97.734375;16.37729454;
886;97.31526184;23.71832848;
887;98.26428986;24.10656548;
888;92.88845825;21.35229683;
889;97.36538696;24.03729057;
890;97.03768158;22.61028481;
891;97.40177917;23.11154556;
892;97.40589905;23.11786079;
893;97.06463623;22.59396172;
894;97.48760986;24.76950836;
895;97.45224762;24.83589172;
896;97.50134277;24.88386345;
897;97.4776535;24.6909256;
898;97.47422028;24.68905449;
899;97.50769043;24.86237144;
900;97.16488647;22.5863533;
901;96.32151031;25.59570694;
902;97.17312622;23.24536514;
903;97.49584961;23.1140728;
904;97.12231445;23.26618385;
905;97.53018188;24.96014595;
906;97.24041748;22.65607262;
907;97.190979;23.26681328;
908;96.44184875;25.71230316;
909;96.40511322;25.69776344;
910;98.45097351;24.00985146;
911;96.64372253;25.57364273;
912;97.26239014;23.95511246;
913;96.35430145;25.69343376;
914;97.76501465;23.39417458;
915;97.18273926;23.07870293;
916;97.25003052;23.14943314;
917;98.09967804;23.63340569;
918;97.48468018;24.05715561;
919;98.08361816;23.61581993;
920;97.27680969;23.01362228;
921;97.03442383;22.56574631;
922;97.92637634;23.95385742;
923;97.16196442;23.25861359;
924;97.12059784;23.26176643;
925;96.59016418;25.95271683;
926;96.57299805;25.98049545;
927;97.46014404;24.84305763;
928;96.54563141;25.62963486;
929;97.81170654;23.5761776;
930;96.52870941;25.62867737;
931;96.49609375;25.63417244;
932;96.58673096;25.96568108;
933;96.74912262;25.4048996;
934;97.07287598;22.65227127;
935;97.14772034;23.22359657;
936;97.15046692;23.23369217;
937;97.15939331;23.23337746;
938;96.663414;25.91991806;
939;97.55793762;24.75268555;
940;97.30184174;24.24588013;
941;96.66121674;25.92451096;
942;96.67220306;26.09344292;
943;97.70202637;25.08055496;
944;97.55045319;24.75401115;
945;98.18321228;16.55591774;
946;97.88713074;17.4253788;
947;97.76955414;17.43012619;
948;97.8134613;17.42479515;
949;97.81639862;17.12296104;
950;97.7598114;23.49812508;
951;96.91981506;22.74781227;
952;98.11572266;14.62105083;
953;97.67946625;17.36266899;
954;97.69834137;25.08487892;
955;97.54873657;24.75603867;
956;97.45050812;25.22970963;
957;97.79433441;22.97159767;
958;97.8986969;25.39362335;
959;97.69911194;25.08370399;
960;97.09229279;23.27370262;
961;97.92932129;23.45748329;
962;97.42740631;25.32593727;
963;98.30716705;24.09461975;
964;100.2432098;21.26939583;
965;97.46896362;21.64536285;
966;97.92176819;23.46126366;
967;96.76531982;22.91317177;
968;97.63439178;25.10239792;
969;92.70116425;20.37584114;
970;92.36325073;20.81628418;
971;97.43022919;23.32685471;
972;92.34223938;21.09501839;
973;92.2631073;21.39089394;
974;96.98200226;22.78193092;
975;96.67045593;23.13561058;
976;96.87184143;22.91250038;
977;96.87441254;22.9438839;
978;96.87518311;22.92933846;
979;96.85072327;22.88569641;
980;97.12057495;22.66790962;
981;97.93882751;14.65038395;
982;96.98301697;23.07888985;
983;96.98164368;23.07131004;
984;96.66908264;23.11035156;
985;97.42780304;23.34307289;
986;97.11502838;23.11727715;
987;96.83388519;22.88457489;
988;96.76522064;22.79851341;
989;96.8747406;22.92299843;
990;96.67182922;23.10750961;
991;98.27152252;23.97533035;
992;97.83971405;23.4389019;
993;97.45050812;23.57642174;
994;96.62239838;22.79091644;
995;97.01116943;23.08583832;
996;96.76519775;22.85416603;
997;96.87371063;22.92631912;
998;97.41638947;23.32919884;
999;92.34773254;20.83309174;
1000;97.12858582;23.06183243;
1001;97.16017151;22.96766663;
1002;97.68465424;23.83042336;
1003;92.33399963;21.00786781;
1004;92.4129715;20.83180809;
1005;97.42943573;23.33613586;
1006;97.4225769;23.33648872;
1007;97.45965576;23.35792351;
1008;97.42120361;23.3339653;
1009;97.45964813;23.36450386;
1010;97.47888184;23.37935257;
1011;97.98425293;23.9732914;
1012;98.31324768;24.09533501;
1013;98.31568909;24.10019493;
1014;98.06424713;24.07530975;
1015;97.91026306;23.99328804;
1016;97.91017914;23.99281883;
1017;97.90142059;23.96685982;
1018;98.29994965;24.09290695;
1019;97.50016022;23.37332726;
1020;97.42874908;23.33045959;
1021;97.44042206;23.28253365;
1022;98.28650665;24.10552216;
1023;96.52880096;25.63045692;
1024;97.45415497;23.27244186;
1025;98.24671936;24.05976677;
1026;98.05033875;24.06603622;
1027;97.97618103;23.98540878;
1028;98.29821777;24.09424591;
1029;98.06063843;24.07034683;
1030;97.77277374;23.58592033;
1031;98.29753113;24.08484459;
1032;98.3746109;24.1062336;
1033;98.29096985;24.08765793;
1034;97.82907104;23.54752922;
1035;97.85705566;23.5646019;
1036;97.86535645;23.96754074;
1037;97.9274292;23.94623184;
1038;97.17184448;22.94174385;
1039;98.39503479;24.10364723;
1040;98.10183716;23.99203491;
1041;98.36362457;23.97187996;
1042;98.3861084;23.99909019;
1043;98.31122589;24.10191727;
1044;98.05961609;24.06300735;
1045;97.13143158;23.24357986;
1046;98.06356049;24.07491875;
1047;97.91421509;23.39826012;
1048;97.88194275;23.57711029;
1049;97.86065674;23.56609726;
1050;98.30834961;23.94286537;
1051;97.8088913;23.24539375;
1052;96.58699036;25.6479454;
1053;98.31551361;24.09964561;
1054;98.07923126;24.07245064;
1055;97.92932129;23.45748329;
1056;96.98332977;22.28333282;
1057;97.8062439;23.62555885;
1058;97.9427948;23.79631805;
1059;98.02719116;23.42850685;
1060;97.98656464;23.88173485;
1061;97.75253296;22.96645737;
1062;97.89979553;23.47496223;
1063;97.95137787;23.9919548;
1064;97.89593506;23.47031784;
1065;98.22467041;24.09474373;
1066;97.13211823;22.29583931;
1067;97.68465424;23.83042336;
1068;98.75278473;23.42543411;
1069;96.89046478;22.57323265;
1070;97.40312195;23.19232941;
1071;96.92779541;22.46476936;
1072;97.794487;23.37501907;
1073;93.07455444;21.64733315;
1074;98.0993576;23.62917709;
1075;97.18112946;23.309021;
1076;97.86666107;23.85653877;
1077;98.10003662;24.0412693;
1078;97.10603333;20.78290939;
1079;97.73352051;25.82665443;
1080;97.86193848;23.90567017;
1081;97.16035461;23.23892784;
1082;97.0318222;22.54350853;
1083;97.63010406;24.92972755;
1084;97.18869019;21.18488312;
1085;97.15135956;22.63630676;
1086;97.16165924;22.64201164;
1087;97.1671524;22.64898109;
1088;97.92932129;23.45748329;
1089;97.50508118;25.28088951;
1090;97.38556671;23.0564003;
1091;97.39411163;23.05774307;
1092;97.13834381;23.24791718;
1093;97.38621521;23.06011391;
1094;97.18317413;22.94379807;
1095;97.17279053;22.95802498;
1096;98.21906281;14.22048378;
1097;97.44815063;23.29554176;
1098;97.21744537;22.59265137;
1099;97.52307129;23.16502571;
1100;97.1211319;23.25225449;
1101;98.20352936;14.24527645;
1102;96.70961761;22.86220932;
1103;96.7081604;22.81324577;
1104;96.9744873;22.73046494;
1105;97.00067139;22.79536438;
1106;96.83638763;22.87257004;
1107;97.86289215;23.41527367;
1108;97.15407562;22.90711975;
1109;97.1211319;23.25225449;
1110;97.1211319;23.25225449;
1111;97.16017151;22.96766663;
1112;97.2696991;23.09201431;
1113;97.82357788;23.40204048;
1114;97.14872742;22.79536438;
1115;97.16017151;22.96766663;
1116;97.81639862;17.12296104;
1117;97.47416687;23.43047333;
1118;97.92932129;23.45748329;
1119;97.50156403;25.21521378;
1120;97.93635559;23.84468651;
1121;98.08027649;14.21748924;
1122;97.16017151;22.96766663;
1123;97.11090851;23.0685463;
1124;97.10687256;23.06775665;
1125;97.12248993;23.0465126;
1126;96.94608307;22.75065041;
1127;97.29361725;24.11994553;
1128;98.26357269;21.89213562;
1129;97.78160858;23.43252182;
1130;98.36224365;21.90489388;
1131;97.95584106;23.97438812;
1132;97.82735443;23.43614388;
1133;96.7186203;25.52991867;
1134;98.17805481;24.08061218;
1135;98.5508194;23.83394432;
1136;97.97584534;23.52919388;
1137;96.98015594;22.59756279;
1138;97.13761139;23.19546318;
1139;97.14585114;23.30334663;
1140;98.10785675;23.60353851;
1141;97.66680145;23.79713058;
1142;96.99938202;22.60199928;
1143;97.69632721;23.78833389;
1144;92.52722168;20.86951065;
1145;97.99249268;23.61108971;
1146;92.52722168;20.86951065;
1147;97.93069458;23.54752922;
1148;98.704216;23.74757385;
1149;98.76464081;23.68722343;
1150;98.76258087;23.68840218;
1151;98.76464081;23.68722343;
1152;97.30036163;22.62363243;
1153;97.79679871;23.57711029;
1154;98.80764008;23.75150108;
1155;98.82712555;23.72746086;
1156;98.81098938;23.75071526;
1157;98.81556702;23.69932747;
1158;98.80583954;23.73736;
1159;98.82807159;23.73071671;
1160;98.81802368;23.69791222;
1161;97.8167572;23.58356094;
1162;97.8661499;23.58592033;
1163;97.92932129;23.45748329;
1164;97.92932129;23.45748329;
1165;97.82183838;23.6890583;
1166;98.8157959;23.70757866;
1167;98.8188858;23.69602585;
1168;98.79965973;23.77019882;
1169;97.89361572;23.57585144;
1170;98.82866669;23.7287178;
1171;98.7886734;23.77098274;
1172;98.81707764;23.71284485;
1173;98.81201935;23.71017265;
1174;98.81613922;23.7114296;
1175;98.82952881;23.72918892;
1176;92.85397339;21.30364609;
1177;96.9492569;22.53605652;
1178;97.47799683;21.0104599;
1179;97.62146759;23.74040604;
1180;97.4302063;23.33550644;
1181;97.61696625;23.74256325;
1182;96.96057892;22.51016045;
1183;98.69217682;23.98357964;
1184;99.02388;12.18089485;
1185;97.92932129;23.45748329;
1186;97.64938354;23.79980087;
1187;97.4143219;23.10480309;
1188;98.01833344;23.45724869;
1189;97.1211319;23.25225449;
1190;97.76979828;23.81346321;
1191;97.79245758;23.8319931;
1192;97.59561157;23.4436245;
1193;97.68465424;23.83042336;
1194;97.39758301;23.09296036;
1195;97.92932129;23.45748329;
1196;97.17125702;23.27811813;
1197;97.39758301;23.09296036;
1198;97.1211319;23.25225449;
1199;97.13726807;23.26361084;
1200;97.1211319;23.25225449;
1201;97.13005829;23.25887871;
1202;97.18636322;23.29199409;
1203;97.1211319;23.25225449;
1204;97.20833588;23.30334663;
1205;97.13967133;23.3239975;
1206;97.11975861;23.30397606;
1207;97.19803619;23.29388618;
1208;97.3037796;23.2648716;
1209;96.78718567;23.18453789;
1210;97.1211319;23.25225449;
1211;97.07697296;22.59249115;
1212;97.06667328;22.59185791;
1213;97.2535553;22.84116554;
1214;97.1211319;23.25225449;
1215;97.03131104;22.57125092;
1216;97.1211319;23.25225449;
1217;97.1211319;23.25225449;
1218;97.14962769;23.25178146;
1219;97.88606262;23.49527168;
1220;97.39758301;23.09296036;
1221;97.03371429;22.54366875;
1222;97.39758301;23.09296036;
1223;97.20068359;22.95502281;
1224;96.902565;22.6007328;
1225;97.15271759;23.30649948;
1226;97.1211319;23.25225449;
1227;97.12146759;23.10338211;
1228;;;
